x,y,confidence,frame,joint
1290.0026,347.18073,0.989466,0,nose
1310.6296,318.63455,0.9524636,0,left_eye
1252.5696,323.5808,0.9737497,0,right_eye
1336.364,344.08548,0.643715,0,left_ear
1194.0072,355.3876,0.87902486,0,right_ear
1419.9529,535.8276,0.9896511,0,left_shoulder
1111.8223,536.1034,0.99432087,0,right_shoulder
1485.8108,738.0868,0.9342405,0,left_elbow
1017.93823,732.06866,0.9736848,0,right_elbow
1522.5177,900.6969,0.9049502,0,left_wrist
991.4131,894.48706,0.9578218,0,right_wrist
1394.3267,987.4093,0.90064466,0,left_hip
1183.4938,991.19385,0.9283104,0,right_hip
0.0,0.0,0.14668985,0,left_knee
0.0,0.0,0.19861054,0,right_knee
0.0,0.0,0.02114924,0,left_ankle
0.0,0.0,0.025570286,0,right_ankle
1304.6233,345.95514,0.9926422,1,nose
1324.6753,317.2007,0.9641462,1,left_eye
1266.927,321.1462,0.98357695,1,right_eye
1349.3245,344.30835,0.68185663,1,left_ear
1207.8137,355.0331,0.9236028,1,right_ear
1433.5941,530.931,0.99352527,1,left_shoulder
1124.4369,533.82355,0.9964774,1,right_shoulder
1498.1206,729.85425,0.94211364,1,left_elbow
1032.0397,724.46106,0.97793555,1,right_elbow
1537.8724,905.42786,0.8662473,1,left_wrist
993.53455,899.0587,0.9449902,1,right_wrist
1399.6816,986.3659,0.8958505,1,left_hip
1187.4369,988.4479,0.92400956,1,right_hip
0.0,0.0,0.08818393,1,left_knee
0.0,0.0,0.12885831,1,right_knee
0.0,0.0,0.0090908855,1,left_ankle
0.0,0.0,0.011963426,1,right_ankle
1318.3732,346.45865,0.99188614,2,nose
1337.7632,317.42133,0.9590636,2,left_eye
1281.2607,321.57767,0.98261523,2,right_eye
1360.6036,343.20175,0.6552718,2,left_ear
1222.4783,354.37912,0.9237908,2,right_ear
1443.7555,529.3751,0.9926737,2,left_shoulder
1139.9374,532.34503,0.9966918,2,right_shoulder
1512.4615,730.39996,0.9336776,2,left_elbow
1043.432,721.74493,0.97987765,2,right_elbow
1552.5461,913.42456,0.84729844,2,left_wrist
994.1587,899.03217,0.9466711,2,right_wrist
1408.4718,985.37714,0.89386535,2,left_hip
1200.817,986.9383,0.9287326,2,right_hip
0.0,0.0,0.08563704,2,left_knee
0.0,0.0,0.13548312,2,right_knee
0.0,0.0,0.008881372,2,left_ankle
0.0,0.0,0.01233692,2,right_ankle
1330.2534,345.23248,0.99208504,3,nose
1350.9811,315.9001,0.96053493,3,left_eye
1293.3168,319.14734,0.98269296,3,right_eye
1374.2598,341.97195,0.65651083,3,left_ear
1234.5006,351.0422,0.9195361,3,right_ear
1454.0317,527.5641,0.99208903,3,left_shoulder
1154.1406,529.4382,0.9965952,3,right_shoulder
1525.774,729.98584,0.9296847,3,left_elbow
1056.1095,715.94257,0.9794422,3,right_elbow
1569.5654,919.4435,0.8396887,3,left_wrist
994.74084,892.97394,0.9455995,3,right_wrist
1421.9943,987.3025,0.88754964,3,left_hip
1216.1779,988.6732,0.9256686,3,right_hip
0.0,0.0,0.08250612,3,left_knee
0.0,0.0,0.13337001,3,right_knee
0.0,0.0,0.008698284,3,left_ankle
0.0,0.0,0.012200131,3,right_ankle
1343.0062,345.24478,0.9921395,4,nose
1363.2766,315.8738,0.95937884,4,left_eye
1305.7537,319.9068,0.9831715,4,right_eye
1385.6558,340.74774,0.6424928,4,left_ear
1245.7491,351.27438,0.9233538,4,right_ear
1465.6677,526.5853,0.9921089,4,left_shoulder
1165.2823,527.3161,0.9968029,4,right_shoulder
1536.7563,730.0148,0.92956823,4,left_elbow
1064.7312,713.20917,0.98117644,4,right_elbow
1578.5024,918.89557,0.8408103,4,left_wrist
992.94293,888.1039,0.94984,4,right_wrist
1428.9296,984.0791,0.89213395,4,left_hip
1222.1442,983.7173,0.9309031,4,right_hip
0.0,0.0,0.08370346,4,left_knee
0.0,0.0,0.13902862,4,right_knee
0.0,0.0,0.008683166,4,left_ankle
0.0,0.0,0.012435087,4,right_ankle
1354.7836,341.73468,0.99098396,5,nose
1375.4949,313.5716,0.95465785,5,left_eye
1319.411,317.22134,0.9796342,5,right_eye
1399.8174,338.41995,0.6760928,5,left_ear
1257.8817,348.4184,0.9141724,5,right_ear
1478.5254,524.9033,0.9938876,5,left_shoulder
1179.8049,525.6215,0.99629325,5,right_shoulder
1551.9358,734.43494,0.9425076,5,left_elbow
1069.4341,709.8189,0.97741073,5,right_elbow
1598.4958,927.1284,0.8541513,5,left_wrist
982.01025,885.5677,0.9384944,5,right_wrist
1444.6436,978.0121,0.9055359,5,left_hip
1243.5183,978.1721,0.9330209,5,right_hip
0.0,0.0,0.0955485,5,left_knee
0.0,0.0,0.13092667,5,right_knee
0.0,0.0,0.008772091,5,left_ankle
0.0,0.0,0.01102425,5,right_ankle
1364.7117,342.49805,0.9909574,6,nose
1385.1683,313.66672,0.9533897,6,left_eye
1329.508,318.19867,0.97958744,6,right_eye
1409.2216,336.79666,0.67615014,6,left_ear
1268.6912,348.3295,0.9167246,6,right_ear
1488.6588,523.57855,0.99417984,6,left_shoulder
1189.882,522.8356,0.9967615,6,right_shoulder
1560.2373,733.2662,0.9451659,6,left_elbow
1075.9841,699.9659,0.9807313,6,right_elbow
1607.9315,928.6484,0.85756683,6,left_wrist
976.2303,871.4077,0.9452356,6,right_wrist
1452.5647,977.47235,0.9153552,6,left_hip
1251.757,976.7117,0.9425717,6,right_hip
0.0,0.0,0.10021943,6,left_knee
0.0,0.0,0.14208627,6,right_knee
0.0,0.0,0.0090557095,6,left_ankle
0.0,0.0,0.011666023,6,right_ankle
1373.3923,341.85733,0.9912917,7,nose
1394.6213,312.404,0.955115,7,left_eye
1338.1813,316.45407,0.98036,7,right_eye
1419.0359,335.8752,0.68467855,7,left_ear
1277.8574,346.41223,0.9184999,7,right_ear
1499.1583,523.4049,0.9941497,7,left_shoulder
1197.186,520.5566,0.9969351,7,right_shoulder
1570.9105,736.5145,0.9432901,7,left_elbow
1079.8855,692.39276,0.9816047,7,right_elbow
1617.7853,932.2826,0.8522737,7,left_wrist
967.9649,854.7666,0.94680285,7,right_wrist
1458.3358,976.9779,0.9155188,7,left_hip
1255.8131,974.8722,0.94454944,7,right_hip
0.0,0.0,0.09908128,7,left_knee
0.0,0.0,0.14473233,7,right_knee
0.0,0.0,0.008869456,7,left_ankle
0.0,0.0,0.0116013745,7,right_ankle
1380.4823,342.22754,0.99159837,8,nose
1402.3014,312.90228,0.95601815,8,left_eye
1346.2233,316.13516,0.9808992,8,right_eye
1426.4744,336.02124,0.6955316,8,left_ear
1286.8182,344.51898,0.92168033,8,right_ear
1506.2601,523.3105,0.9945669,8,left_shoulder
1204.2609,518.2441,0.997417,8,right_shoulder
1577.343,731.5391,0.94679976,8,left_elbow
1083.312,681.417,0.98457843,8,right_elbow
1624.5732,927.7764,0.8592522,8,left_wrist
962.2019,836.0178,0.95352525,8,right_wrist
1464.8778,972.5528,0.928572,8,left_hip
1262.7694,969.04065,0.95526814,8,right_hip
0.0,0.0,0.10912339,8,left_knee
0.0,0.0,0.16379906,8,right_knee
0.0,0.0,0.009409322,8,left_ankle
0.0,0.0,0.01261489,8,right_ankle
1386.0955,342.84064,0.99140716,9,nose
1407.968,313.98596,0.955246,9,left_eye
1352.2819,316.8207,0.9804819,9,right_eye
1431.3549,337.25067,0.6981009,9,left_ear
1292.986,344.74176,0.92206097,9,right_ear
1511.9071,524.81177,0.9946832,9,left_shoulder
1208.8228,516.3173,0.997424,9,right_shoulder
1581.9456,733.3004,0.9465001,9,left_elbow
1088.3878,670.6962,0.9844789,9,right_elbow
1630.8907,929.92444,0.85503507,9,left_wrist
955.5991,815.0021,0.9530118,9,right_wrist
1467.4098,973.8948,0.9278687,9,left_hip
1265.3448,968.7693,0.9549279,9,right_hip
0.0,0.0,0.10765242,9,left_knee
0.0,0.0,0.16263998,9,right_knee
0.0,0.0,0.009311257,9,left_ankle
0.0,0.0,0.012471458,9,right_ankle
1392.0033,342.40164,0.99106616,10,nose
1414.4426,313.7079,0.9544202,10,left_eye
1358.2882,316.42868,0.9797515,10,right_eye
1437.8503,337.47766,0.7069881,10,left_ear
1299.1932,344.58136,0.92162055,10,right_ear
1518.227,525.49457,0.99475914,10,left_shoulder
1214.5356,514.14844,0.997509,10,right_shoulder
1584.8878,734.5836,0.94515043,10,left_elbow
1092.7633,659.3231,0.9845232,10,right_elbow
1635.089,930.6847,0.84634006,10,left_wrist
945.352,788.96796,0.95156395,10,right_wrist
1470.2029,972.25085,0.93034786,10,left_hip
1269.053,965.23926,0.9570837,10,right_hip
0.0,0.0,0.1109569,10,left_knee
0.0,0.0,0.16884083,10,right_knee
0.0,0.0,0.009532764,10,left_ankle
0.0,0.0,0.0128403,10,right_ankle
1395.6067,341.58807,0.9912411,11,nose
1419.2867,313.09985,0.95686275,11,left_eye
1362.4027,315.26782,0.97949743,11,right_eye
1443.6577,337.75903,0.7226302,11,left_ear
1304.4701,343.37036,0.9169875,11,right_ear
1522.3705,527.412,0.9947772,11,left_shoulder
1218.9941,511.7693,0.9974118,11,right_shoulder
1587.2106,738.6345,0.94596887,11,left_elbow
1092.5852,645.5506,0.98389304,11,right_elbow
1636.9318,934.9356,0.8478569,11,left_wrist
930.86865,759.6876,0.9509479,11,right_wrist
1472.7494,973.1261,0.92991745,11,left_hip
1272.0084,964.57184,0.9561696,11,right_hip
0.0,0.0,0.11147308,11,left_knee
0.0,0.0,0.16742742,11,right_knee
0.0,0.0,0.009567792,11,left_ankle
0.0,0.0,0.012700662,11,right_ankle
1398.2955,340.68256,0.991228,12,nose
1422.3667,312.1315,0.95729166,12,left_eye
1365.6295,314.64688,0.9793162,12,right_eye
1447.3016,336.21027,0.7288174,12,left_ear
1308.9987,342.08972,0.91526353,12,right_ear
1525.1022,527.56793,0.9946891,12,left_shoulder
1222.9882,508.21344,0.9974711,12,right_shoulder
1588.0382,737.35016,0.9455215,12,left_elbow
1089.0637,629.60803,0.98450756,12,right_elbow
1635.9779,931.4742,0.84874684,12,left_wrist
919.0377,726.8178,0.9534532,12,right_wrist
1473.4983,968.84,0.9330174,12,left_hip
1274.1412,958.66046,0.958978,12,right_hip
0.0,0.0,0.11534378,12,left_knee
0.0,0.0,0.17514944,12,right_knee
0.0,0.0,0.009712002,12,left_ankle
0.0,0.0,0.013017451,12,right_ankle
1398.9329,340.53192,0.9907979,13,nose
1424.0204,311.63095,0.9582532,13,left_eye
1365.7036,314.12027,0.9788135,13,right_eye
1447.9325,336.05118,0.6899859,13,left_ear
1311.6392,341.89526,0.9036788,13,right_ear
1525.1447,527.07324,0.9906221,13,left_shoulder
1225.0808,504.2308,0.99711204,13,right_shoulder
1589.8531,731.25525,0.9119178,13,left_elbow
1087.7021,611.82336,0.982864,13,right_elbow
1635.1927,938.7523,0.7876852,13,left_wrist
908.9134,703.41614,0.951012,13,right_wrist
1472.1672,973.481,0.9114745,13,left_hip
1267.2625,961.18634,0.951889,13,right_hip
0.0,0.0,0.095605366,13,left_knee
0.0,0.0,0.17831253,13,right_knee
0.0,0.0,0.008830787,13,left_ankle
0.0,0.0,0.013604271,13,right_ankle
1399.0819,340.02637,0.9914426,14,nose
1424.7915,311.21255,0.9610812,14,left_eye
1366.0625,313.86346,0.97961676,14,right_eye
1450.0751,336.05048,0.7052269,14,left_ear
1313.0555,341.82297,0.9032317,14,right_ear
1526.3833,527.872,0.99140126,14,left_shoulder
1225.9878,499.9099,0.9973999,14,right_shoulder
1589.167,730.22626,0.9205746,14,left_elbow
1082.9418,591.5883,0.9850546,14,right_elbow
1633.9319,937.86755,0.8060919,14,left_wrist
899.3341,669.58795,0.9575264,14,right_wrist
1472.718,972.05865,0.9255061,14,left_hip
1266.8529,958.16345,0.96031445,14,right_hip
0.0,0.0,0.1060336,14,left_knee
0.0,0.0,0.19797935,14,right_knee
0.0,0.0,0.009329798,14,left_ankle
0.0,0.0,0.014476411,14,right_ankle
1400.4928,339.0103,0.992728,15,nose
1425.0624,311.14255,0.96936226,15,left_eye
1366.7317,314.12344,0.97950965,15,right_eye
1452.9877,336.42355,0.80332744,15,left_ear
1315.0675,342.3186,0.90671843,15,right_ear
1535.0402,530.4778,0.9962674,15,left_shoulder
1227.3728,494.9891,0.99785846,15,right_shoulder
1581.8087,742.06256,0.96433717,15,left_elbow
1083.2968,570.9896,0.9856295,15,right_elbow
1625.4781,935.9535,0.89385104,15,left_wrist
892.6509,628.735,0.95637447,15,right_wrist
1477.1244,968.01526,0.9557695,15,left_hip
1271.1592,952.22076,0.9690708,15,right_hip
0.0,0.0,0.16215038,15,left_knee
0.0,0.0,0.21905605,15,right_knee
0.0,0.0,0.013747428,15,left_ankle
0.0,0.0,0.017002946,15,right_ankle
1399.4388,339.73468,0.99065524,16,nose
1425.0968,311.17416,0.9596481,16,left_eye
1366.4777,314.57425,0.9775008,16,right_eye
1451.1375,334.94263,0.7068831,16,left_ear
1314.5533,341.69092,0.890971,16,right_ear
1526.0044,527.6448,0.9899698,16,left_shoulder
1229.9498,490.26535,0.99704164,16,right_shoulder
1584.5886,731.0636,0.9125403,16,left_elbow
1080.0406,552.3371,0.9839109,16,right_elbow
1628.484,943.8974,0.7858729,16,left_wrist
872.018,596.47394,0.95417833,16,right_wrist
1473.2325,972.317,0.922307,16,left_hip
1268.5917,954.83795,0.959117,16,right_hip
0.0,0.0,0.10291009,16,left_knee
0.0,0.0,0.1943825,16,right_knee
0.0,0.0,0.008971657,16,left_ankle
0.0,0.0,0.014059535,16,right_ankle
1399.3541,339.93738,0.99096745,17,nose
1424.8179,311.59662,0.96001345,17,left_eye
1366.2932,315.0154,0.978132,17,right_eye
1450.454,335.69147,0.6997348,17,left_ear
1313.8267,342.41812,0.8899123,17,right_ear
1523.398,528.10547,0.9895683,17,left_shoulder
1230.2863,487.43484,0.99719316,17,right_shoulder
1581.3032,731.13153,0.9121219,17,left_elbow
1068.5369,533.53595,0.9856435,17,right_elbow
1621.5652,945.505,0.79058397,17,left_wrist
856.97266,561.62256,0.95924014,17,right_wrist
1475.2028,969.635,0.9252202,17,left_hip
1272.1501,951.2895,0.9624839,17,right_hip
0.0,0.0,0.10696809,17,left_knee
0.0,0.0,0.20731285,17,right_knee
0.0,0.0,0.009228107,17,left_ankle
0.0,0.0,0.014765833,17,right_ankle
1398.5914,340.6594,0.99065053,18,nose
1424.1794,312.41895,0.95937926,18,left_eye
1365.265,315.955,0.97763705,18,right_eye
1449.9653,336.71246,0.6914337,18,left_ear
1312.5066,343.4143,0.8843925,18,right_ear
1521.8036,528.9752,0.9878941,18,left_shoulder
1231.1118,484.07303,0.99690706,18,right_shoulder
1577.1357,735.13074,0.89984125,18,left_elbow
1065.9763,513.3879,0.9846422,18,right_elbow
1616.4867,951.0733,0.7679112,18,left_wrist
851.0669,518.3461,0.9564698,18,right_wrist
1478.3159,969.5957,0.9150461,18,left_hip
1276.2938,950.36847,0.95833653,18,right_hip
0.0,0.0,0.10094196,18,left_knee
0.0,0.0,0.20097145,18,right_knee
0.0,0.0,0.008969087,18,left_ankle
0.0,0.0,0.014546286,18,right_ankle
1397.0128,341.26172,0.99127144,19,nose
1422.9983,312.66357,0.9632701,19,left_eye
1363.4165,316.1915,0.9783941,19,right_eye
1449.8671,337.2627,0.7028851,19,left_ear
1311.0579,343.97708,0.87828773,19,right_ear
1521.7744,530.134,0.9875085,19,left_shoulder
1229.2395,483.7986,0.99652326,19,right_shoulder
1574.1846,737.2568,0.8984655,19,left_elbow
1058.0499,499.0199,0.98256487,19,right_elbow
1609.8007,953.3397,0.7687347,19,left_wrist
841.257,482.09326,0.9526685,19,right_wrist
1481.0262,976.905,0.90034306,19,left_hip
1277.0574,958.1261,0.9487001,19,right_hip
0.0,0.0,0.08986645,19,left_knee
0.0,0.0,0.17486672,19,right_knee
0.0,0.0,0.008112065,19,left_ankle
0.0,0.0,0.012784716,19,right_ankle
1395.7704,342.33487,0.9913851,20,nose
1421.1804,313.3837,0.9645393,20,left_eye
1361.6525,317.5709,0.9783069,20,right_eye
1447.351,337.82742,0.71087307,20,left_ear
1308.5848,345.9001,0.8753555,20,right_ear
1520.5858,532.18604,0.98781747,20,left_shoulder
1225.107,483.37503,0.9963707,20,right_shoulder
1571.6877,740.4531,0.90041614,20,left_elbow
1050.4215,481.19577,0.98130554,20,right_elbow
1603.7073,957.6966,0.7681512,20,left_wrist
833.8061,448.2009,0.9488665,20,right_wrist
1482.6371,980.5187,0.89561445,20,left_hip
1277.1763,962.0429,0.94432884,20,right_hip
0.0,0.0,0.08850963,20,left_knee
0.0,0.0,0.16720875,20,right_knee
0.0,0.0,0.008110864,20,left_ankle
0.0,0.0,0.012466485,20,right_ankle
1394.349,342.96356,0.9915005,21,nose
1419.942,313.93646,0.9636909,21,left_eye
1359.9276,318.20786,0.9787092,21,right_eye
1446.1342,338.99426,0.6984894,21,left_ear
1306.6919,347.02283,0.8782401,21,right_ear
1519.1642,532.9384,0.98750407,21,left_shoulder
1223.1243,483.3353,0.9964553,21,right_shoulder
1569.5936,744.2774,0.89859307,21,left_elbow
1052.8286,470.21735,0.9824982,21,right_elbow
1598.8716,962.19257,0.7685293,21,left_wrist
830.1506,411.75925,0.95233256,21,right_wrist
1481.9519,984.83246,0.8852046,21,left_hip
1274.6184,966.98236,0.94020134,21,right_hip
0.0,0.0,0.08067374,21,left_knee
0.0,0.0,0.1584403,21,right_knee
0.0,0.0,0.007674534,21,left_ankle
0.0,0.0,0.012016926,21,right_ankle
1392.7917,343.4531,0.99104553,22,nose
1417.5715,313.7282,0.96072084,22,left_eye
1358.0522,318.79608,0.9778881,22,right_eye
1442.9669,338.311,0.679644,22,left_ear
1304.642,348.05978,0.876044,22,right_ear
1516.6216,532.60693,0.9864161,22,left_shoulder
1220.8934,481.0829,0.9966217,22,right_shoulder
1566.4205,747.5594,0.89181805,22,left_elbow
1039.334,454.70447,0.9841542,22,right_elbow
1593.2802,965.5434,0.75962514,22,left_wrist
828.1764,379.88885,0.9555906,22,right_wrist
1483.7329,983.6867,0.8861498,22,left_hip
1277.4838,966.0582,0.94421947,22,right_hip
0.0,0.0,0.08238461,22,left_knee
0.0,0.0,0.16884457,22,right_knee
0.0,0.0,0.007813508,22,left_ankle
0.0,0.0,0.012630158,22,right_ankle
1391.1019,344.11176,0.99088776,23,nose
1415.292,314.3104,0.9586775,23,left_eye
1356.2399,319.7434,0.9776724,23,right_eye
1439.6431,338.25073,0.6652374,23,left_ear
1302.4468,348.6319,0.8771106,23,right_ear
1512.6116,530.6743,0.9863041,23,left_shoulder
1221.0989,478.525,0.9968464,23,right_shoulder
1563.5022,745.7068,0.89333665,23,left_elbow
1039.779,443.80774,0.9859023,23,right_elbow
1587.9705,963.32086,0.7644378,23,left_wrist
829.034,350.95724,0.95955366,23,right_wrist
1482.9761,981.431,0.8947049,23,left_hip
1279.1515,963.6557,0.9503312,23,right_hip
0.0,0.0,0.08718141,23,left_knee
0.0,0.0,0.18244433,23,right_knee
0.0,0.0,0.008077816,23,left_ankle
0.0,0.0,0.013388182,23,right_ankle
1388.7557,343.8213,0.9909775,24,nose
1411.911,314.62595,0.9617366,24,left_eye
1353.1027,319.77655,0.9754851,24,right_eye
1437.4186,340.06158,0.69569564,24,left_ear
1301.5105,350.05966,0.8626701,24,right_ear
1511.1354,534.04803,0.9877908,24,left_shoulder
1224.5209,478.74402,0.9964772,24,right_shoulder
1560.1146,752.6854,0.9128084,24,left_elbow
1035.2252,437.65494,0.98390734,24,right_elbow
1586.127,965.25354,0.81342643,24,left_wrist
836.8568,329.88248,0.9536743,24,right_wrist
1474.1106,983.6816,0.89572453,24,left_hip
1271.699,963.96277,0.9432556,24,right_hip
0.0,0.0,0.098831564,24,left_knee
0.0,0.0,0.17663674,24,right_knee
0.0,0.0,0.00968565,24,left_ankle
0.0,0.0,0.0145305665,24,right_ankle
1385.0992,344.53867,0.9913556,25,nose
1408.5155,315.4384,0.9644974,25,left_eye
1349.7908,320.5805,0.975442,25,right_eye
1434.8002,341.10062,0.71253425,25,left_ear
1299.3534,350.91013,0.8549702,25,right_ear
1507.9247,534.4701,0.9883118,25,left_shoulder
1223.35,477.78253,0.99639785,25,right_shoulder
1557.2935,754.55585,0.91828984,25,left_elbow
1031.5394,425.24115,0.9832938,25,right_elbow
1580.7345,966.1275,0.8222865,25,left_wrist
834.7282,295.52518,0.9517887,25,right_wrist
1473.6218,985.20264,0.89701194,25,left_hip
1272.1377,965.63654,0.94167304,25,right_hip
0.0,0.0,0.10111878,25,left_knee
0.0,0.0,0.17382415,25,right_knee
0.0,0.0,0.009808946,25,left_ankle
0.0,0.0,0.014369248,25,right_ankle
1382.2311,343.80807,0.9917772,26,nose
1405.662,314.63168,0.9658413,26,left_eye
1346.5012,320.12708,0.9762641,26,right_eye
1432.5837,340.63358,0.7156983,26,left_ear
1296.0908,351.01825,0.8554167,26,right_ear
1503.897,535.0241,0.98876905,26,left_shoulder
1222.5581,477.39908,0.9965532,26,right_shoulder
1554.4747,753.5704,0.9231338,26,left_elbow
1031.9796,417.68015,0.98439515,26,right_elbow
1577.2412,963.872,0.8346152,26,left_wrist
841.35406,280.84103,0.9554056,26,right_wrist
1470.6222,984.57794,0.90341794,26,left_hip
1270.945,965.27875,0.9454515,26,right_hip
0.0,0.0,0.105615094,26,left_knee
0.0,0.0,0.1809874,26,right_knee
0.0,0.0,0.010121087,26,left_ankle
0.0,0.0,0.014827141,26,right_ankle
1379.8258,343.57654,0.9919857,27,nose
1403.8398,314.54645,0.9663993,27,left_eye
1344.109,319.31134,0.97648597,27,right_eye
1430.9011,340.5764,0.71566087,27,left_ear
1292.6664,349.1807,0.85344785,27,right_ear
1499.7584,534.4983,0.9889985,27,left_shoulder
1219.6348,476.50314,0.99664295,27,right_shoulder
1552.0665,751.52545,0.9267632,27,left_elbow
1030.4574,410.78314,0.985112,27,right_elbow
1573.2686,962.71106,0.8439588,27,left_wrist
843.0965,266.4001,0.95775133,27,right_wrist
1470.3777,983.82275,0.90787804,27,left_hip
1271.4594,965.2676,0.9479997,27,right_hip
0.0,0.0,0.10930582,27,left_knee
0.0,0.0,0.18606076,27,right_knee
0.0,0.0,0.010394159,27,left_ankle
0.0,0.0,0.015133223,27,right_ankle
1378.0042,343.60623,0.9914443,28,nose
1401.4337,314.1725,0.9624922,28,left_eye
1341.9211,319.17932,0.9755823,28,right_eye
1427.5072,339.5006,0.68814605,28,left_ear
1289.6768,348.69305,0.8536405,28,right_ear
1495.9978,534.5114,0.9878704,28,left_shoulder
1217.2129,476.5793,0.9966266,28,right_shoulder
1550.5588,753.4127,0.92066246,28,left_elbow
1027.8599,406.53226,0.9859839,28,right_elbow
1570.0034,966.2062,0.8372254,28,left_wrist
842.75977,253.81078,0.96054614,28,right_wrist
1467.8019,987.7421,0.90065736,28,left_hip
1270.0302,969.9518,0.9465816,28,right_hip
0.0,0.0,0.10316093,28,left_knee
0.0,0.0,0.18475014,28,right_knee
0.0,0.0,0.010082017,28,left_ankle
0.0,0.0,0.015106822,28,right_ankle
1375.6483,342.7404,0.9915172,29,nose
1399.0631,313.2252,0.96338296,29,left_eye
1339.6426,318.30344,0.9754302,29,right_eye
1425.36,338.392,0.6948209,29,left_ear
1287.8225,347.6879,0.8506878,29,right_ear
1493.3003,534.461,0.98825127,29,left_shoulder
1215.7568,475.6011,0.9965609,29,right_shoulder
1548.5907,752.83435,0.9239879,29,left_elbow
1026.7721,400.26108,0.98564315,29,right_elbow
1566.5131,967.485,0.84185666,29,left_wrist
845.06415,247.4074,0.95977914,29,right_wrist
1466.1174,987.33453,0.9045198,29,left_hip
1269.5537,969.9703,0.9474869,29,right_hip
0.0,0.0,0.10557697,29,left_knee
0.0,0.0,0.18529923,29,right_knee
0.0,0.0,0.010144719,29,left_ankle
0.0,0.0,0.014993043,29,right_ankle
1372.5048,341.22437,0.9919194,30,nose
1396.6594,312.43665,0.9668164,30,left_eye
1336.6383,317.4034,0.9759335,30,right_eye
1424.8203,340.09286,0.7200533,30,left_ear
1286.2123,349.05966,0.84661907,30,right_ear
1492.5923,536.28845,0.9888377,30,left_shoulder
1214.6486,475.51474,0.996445,30,right_shoulder
1546.4368,754.646,0.9270481,30,left_elbow
1024.1971,396.56204,0.9845328,30,right_elbow
1561.637,970.9581,0.8441375,30,left_wrist
846.7755,244.64136,0.956556,30,right_wrist
1463.5074,988.372,0.90646523,30,left_hip
1266.5562,970.18085,0.94641167,30,right_hip
0.0,0.0,0.10744475,30,left_knee
0.0,0.0,0.18177414,30,right_knee
0.0,0.0,0.010173887,30,left_ankle
0.0,0.0,0.014681337,30,right_ankle
1370.8861,342.22913,0.99185175,31,nose
1394.4099,312.80246,0.96543825,31,left_eye
1334.6226,318.058,0.9761588,31,right_eye
1421.6814,338.17038,0.7058798,31,left_ear
1283.0642,347.94315,0.8493065,31,right_ear
1489.3181,533.6604,0.98838705,31,left_shoulder
1211.5054,474.3685,0.99654466,31,right_shoulder
1544.8264,751.9734,0.92504156,31,left_elbow
1020.5116,393.61002,0.98546535,31,right_elbow
1558.118,971.19745,0.8433681,31,left_wrist
844.8997,240.68765,0.95931226,31,right_wrist
1463.4792,985.6163,0.90497607,31,left_hip
1266.9498,968.8124,0.94734925,31,right_hip
0.0,0.0,0.106212854,31,left_knee
0.0,0.0,0.18488675,31,right_knee
0.0,0.0,0.01019871,31,left_ankle
0.0,0.0,0.014961148,31,right_ankle
1363.2867,342.3909,0.9866052,32,nose
1389.0793,312.72107,0.94396293,32,left_eye
1329.8688,316.80304,0.96536535,32,right_eye
1412.5525,339.9751,0.57543284,32,left_ear
1278.1648,347.53946,0.815825,32,right_ear
1483.5507,531.1312,0.9740772,32,left_shoulder
1202.0471,473.39688,0.9945175,32,right_shoulder
1536.0399,752.7358,0.8294644,32,left_elbow
1014.0597,407.85638,0.97774076,32,right_elbow
1555.0096,975.4576,0.6865101,32,left_wrist
828.8224,240.49806,0.94513595,32,right_wrist
1462.5499,996.1536,0.83196145,32,left_hip
1264.3855,978.7414,0.91950667,32,right_hip
0.0,0.0,0.07610885,32,left_knee
0.0,0.0,0.17045477,32,right_knee
0.0,0.0,0.008028211,32,left_ankle
0.0,0.0,0.013993201,32,right_ankle
1361.6577,341.89914,0.9866101,33,nose
1387.5786,312.687,0.9436273,33,left_eye
1328.343,316.4474,0.96535194,33,right_eye
1411.0109,340.2769,0.5721563,33,left_ear
1276.4814,347.16788,0.81544703,33,right_ear
1481.9276,530.729,0.973945,33,left_shoulder
1201.0697,473.5231,0.9945193,33,right_shoulder
1535.7068,752.6424,0.8301521,33,left_elbow
1013.5282,410.14252,0.9780927,33,right_elbow
1554.1296,976.2422,0.68947244,33,left_wrist
827.758,243.20299,0.9464781,33,right_wrist
1462.8326,995.4749,0.83253443,33,left_hip
1265.0537,978.2286,0.92014754,33,right_hip
0.0,0.0,0.07585297,33,left_knee
0.0,0.0,0.17057793,33,right_knee
0.0,0.0,0.007964187,33,left_ankle
0.0,0.0,0.013914295,33,right_ankle
1360.6384,342.0974,0.9868117,34,nose
1386.5189,312.6896,0.94496423,34,left_eye
1327.314,316.4859,0.9657272,34,right_eye
1409.7861,339.38818,0.5801282,34,left_ear
1275.0134,346.26855,0.8161739,34,right_ear
1480.744,530.1871,0.97500676,34,left_shoulder
1198.163,472.87338,0.9945779,34,right_shoulder
1535.7294,751.1911,0.8350934,34,left_elbow
1008.31006,409.56445,0.9777834,34,right_elbow
1556.2878,972.7987,0.69352627,34,left_wrist
823.9325,242.9124,0.9451122,34,right_wrist
1460.2102,993.6015,0.8382297,34,left_hip
1261.9811,976.10376,0.9217122,34,right_hip
0.0,0.0,0.07876312,34,left_knee
0.0,0.0,0.17299937,34,right_knee
0.0,0.0,0.008173197,34,left_ankle
0.0,0.0,0.0140830055,34,right_ankle
1358.4933,341.77625,0.9914779,35,nose
1381.6023,312.0631,0.96351874,35,left_eye
1322.0016,318.2829,0.9754233,35,right_eye
1409.5671,336.5333,0.7011136,35,left_ear
1271.0741,348.46768,0.84863067,35,right_ear
1481.0074,531.99756,0.9879169,35,left_shoulder
1201.6357,475.1628,0.9965939,35,right_shoulder
1539.7552,755.3028,0.92089194,35,left_elbow
1010.57153,399.0164,0.98587835,35,right_elbow
1552.7662,973.38104,0.83509284,35,left_wrist
830.4936,242.82166,0.95946825,35,right_wrist
1457.2931,986.278,0.9025653,35,left_hip
1260.661,970.1466,0.94765276,35,right_hip
0.0,0.0,0.10420614,35,left_knee
0.0,0.0,0.18589173,35,right_knee
0.0,0.0,0.010015097,35,left_ankle
0.0,0.0,0.014964802,35,right_ankle
1357.7902,341.487,0.9915092,36,nose
1380.8829,312.03015,0.96413404,36,left_eye
1321.3202,318.5082,0.9753498,36,right_eye
1409.3617,337.08875,0.7096025,36,left_ear
1271.1898,349.717,0.8486074,36,right_ear
1481.881,531.7212,0.9883158,36,left_shoulder
1201.5902,475.9182,0.9966425,36,right_shoulder
1539.6553,754.93,0.9227284,36,left_elbow
1010.5172,401.40646,0.98579514,36,right_elbow
1552.7915,973.29016,0.8359236,36,left_wrist
828.5204,245.84894,0.9586859,36,right_wrist
1457.0857,984.8765,0.905619,36,left_hip
1259.8618,968.9283,0.9487949,36,right_hip
0.0,0.0,0.10622327,36,left_knee
0.0,0.0,0.18737724,36,right_knee
0.0,0.0,0.01011696,36,left_ankle
0.0,0.0,0.015044741,36,right_ankle
1357.2152,341.54572,0.99162334,37,nose
1380.4904,312.3514,0.9648425,37,left_eye
1320.9078,318.5153,0.97565633,37,right_eye
1409.1526,337.73294,0.7147123,37,left_ear
1271.0559,349.7798,0.8501418,37,right_ear
1482.1304,531.0486,0.9886109,37,left_shoulder
1200.7653,476.0562,0.9966633,37,right_shoulder
1540.1119,754.40063,0.92375857,37,left_elbow
1010.72833,406.0653,0.9856076,37,right_elbow
1553.7305,972.47205,0.83621204,37,left_wrist
826.81055,251.35922,0.95800346,37,right_wrist
1456.9867,984.2201,0.90616935,37,left_hip
1259.0404,968.37933,0.94857913,37,right_hip
0.0,0.0,0.106516704,37,left_knee
0.0,0.0,0.18653707,37,right_knee
0.0,0.0,0.010120317,37,left_ankle
0.0,0.0,0.01500113,37,right_ankle
1356.7197,341.67725,0.99202865,38,nose
1380.2963,312.82318,0.96605176,38,left_eye
1320.5115,318.25546,0.9766154,38,right_eye
1409.0222,338.5082,0.7168176,38,left_ear
1270.3291,349.14706,0.85312945,38,right_ear
1481.584,530.28534,0.9891221,38,left_shoulder
1199.1859,475.95496,0.996806,38,right_shoulder
1540.6377,753.2752,0.92752975,38,left_elbow
1008.31354,409.6792,0.98633236,38,right_elbow
1555.1173,972.48035,0.84431076,38,left_wrist
824.3247,258.22607,0.96049994,38,right_wrist
1457.543,984.4814,0.9102886,38,left_hip
1258.5359,969.04395,0.95095295,38,right_hip
0.0,0.0,0.10811348,38,left_knee
0.0,0.0,0.18926555,38,right_knee
0.0,0.0,0.010093821,38,left_ankle
0.0,0.0,0.014943211,38,right_ankle
1356.8265,341.49207,0.9922042,39,nose
1380.5089,312.56015,0.9664531,39,left_eye
1320.5613,317.92633,0.9770577,39,right_eye
1409.4757,338.09125,0.71628284,39,left_ear
1270.3726,348.70047,0.854224,39,right_ear
1482.1609,529.633,0.9891494,39,left_shoulder
1200.2896,476.3911,0.99687344,39,right_shoulder
1540.6956,753.65173,0.9276773,39,left_elbow
1009.21344,415.38428,0.98672235,39,right_elbow
1555.493,975.10205,0.8452251,39,left_wrist
822.52094,267.07758,0.96181524,39,right_wrist
1458.8375,984.863,0.91026896,39,left_hip
1259.7479,969.32007,0.9514383,39,right_hip
0.0,0.0,0.10766737,39,left_knee
0.0,0.0,0.19005819,39,right_knee
0.0,0.0,0.010036589,39,left_ankle
0.0,0.0,0.01495644,39,right_ankle
1356.78,341.51947,0.9924509,40,nose
1380.4059,312.3792,0.9673538,40,left_eye
1320.7493,317.76782,0.9775123,40,right_eye
1409.5177,337.41574,0.71981514,40,left_ear
1270.9703,348.14044,0.85449326,40,right_ear
1482.4542,528.8923,0.9894293,40,left_shoulder
1200.877,476.7701,0.99693954,40,right_shoulder
1541.6826,750.22766,0.9303561,40,left_elbow
1007.47107,419.58847,0.98709273,40,right_elbow
1556.9697,973.0886,0.85185534,40,left_wrist
819.8011,278.45087,0.96335477,40,right_wrist
1459.0123,984.40247,0.91365415,40,left_hip
1259.7156,968.80664,0.9531595,40,right_hip
0.0,0.0,0.1095705,40,left_knee
0.0,0.0,0.19223115,40,right_knee
0.0,0.0,0.010051709,40,left_ankle
0.0,0.0,0.014962982,40,right_ankle
1356.5092,341.72275,0.99232,41,nose
1380.1803,312.08762,0.9670213,41,left_eye
1320.5681,317.92236,0.9771577,41,right_eye
1409.6664,336.1221,0.724774,41,left_ear
1271.4976,347.70145,0.8551391,41,right_ear
1484.079,528.966,0.98964065,41,left_shoulder
1202.413,477.6439,0.99699163,41,right_shoulder
1541.8777,752.13544,0.92973876,41,left_elbow
1012.57104,426.33188,0.9868879,41,right_elbow
1557.5303,971.1065,0.8479909,41,left_wrist
816.05255,285.3016,0.9618859,41,right_wrist
1458.3068,984.6004,0.91324186,41,left_hip
1259.2335,968.24194,0.9527768,41,right_hip
0.0,0.0,0.10989631,41,left_knee
0.0,0.0,0.19216834,41,right_knee
0.0,0.0,0.010127069,41,left_ankle
0.0,0.0,0.01512143,41,right_ankle
1356.3561,341.64072,0.9926617,42,nose
1380.2207,312.09705,0.9688919,42,left_eye
1320.5051,317.95956,0.9776858,42,right_eye
1410.323,336.59164,0.7366262,42,left_ear
1271.8478,348.296,0.85466826,42,right_ear
1484.8458,529.21106,0.9902996,42,left_shoulder
1201.0105,477.28833,0.99708,42,right_shoulder
1541.7949,753.8269,0.93384486,42,left_elbow
1004.27783,425.65347,0.9869474,42,right_elbow
1558.8817,975.2034,0.85286814,42,left_wrist
810.016,289.90393,0.9617226,42,right_wrist
1459.4912,984.7424,0.9170048,42,left_hip
1259.3798,968.6408,0.9540386,42,right_hip
0.0,0.0,0.111987375,42,left_knee
0.0,0.0,0.1920919,42,right_knee
0.0,0.0,0.010124121,42,left_ankle
0.0,0.0,0.014908395,42,right_ankle
1356.2963,341.5462,0.9928438,43,nose
1380.577,312.01712,0.9702562,43,left_eye
1320.5929,317.70743,0.9779083,43,right_eye
1411.1495,336.38483,0.74827904,43,left_ear
1271.9409,347.65778,0.85420686,43,right_ear
1485.9749,528.4843,0.99081486,43,left_shoulder
1200.6252,477.29865,0.99705803,43,right_shoulder
1542.9716,749.9383,0.93662685,43,left_elbow
1004.52594,429.06317,0.98634964,43,right_elbow
1560.7174,970.17523,0.85688907,43,left_wrist
807.254,301.75726,0.96000344,43,right_wrist
1459.457,985.62195,0.918711,43,left_hip
1258.6278,969.31055,0.95355725,43,right_hip
0.0,0.0,0.11363589,43,left_knee
0.0,0.0,0.18932359,43,right_knee
0.0,0.0,0.010180329,43,left_ankle
0.0,0.0,0.01471053,43,right_ankle
1356.3658,341.21988,0.99302685,44,nose
1381.064,312.2269,0.97139704,44,left_eye
1321.159,317.1978,0.97821486,44,right_eye
1411.7272,337.13727,0.7587474,44,left_ear
1272.826,347.04456,0.8551222,44,right_ear
1486.0317,527.2117,0.9913879,44,left_shoulder
1199.1277,477.01758,0.99714655,44,right_shoulder
1543.4861,750.59955,0.9395017,44,left_elbow
1001.1918,433.3907,0.9861952,44,right_elbow
1562.6602,971.9916,0.85843956,44,left_wrist
799.6258,310.93597,0.95873123,44,right_wrist
1459.7406,984.0866,0.9216874,44,left_hip
1258.5292,968.6463,0.95448047,44,right_hip
0.0,0.0,0.11548321,44,left_knee
0.0,0.0,0.18911825,44,right_knee
0.0,0.0,0.010213806,44,left_ankle
0.0,0.0,0.014549889,44,right_ankle
1356.3057,340.97873,0.99314135,45,nose
1381.2871,312.14255,0.972924,45,left_eye
1321.0875,316.99896,0.97824895,45,right_eye
1412.5109,337.616,0.77089465,45,left_ear
1272.8545,347.27325,0.85188,45,right_ear
1487.5413,528.21246,0.9916106,45,left_shoulder
1198.5559,477.10583,0.9969171,45,right_shoulder
1544.3054,750.95807,0.9405949,45,left_elbow
1000.1208,434.70404,0.9844694,45,right_elbow
1564.3916,970.19257,0.8587745,45,left_wrist
794.91504,322.02457,0.9542245,45,right_wrist
1459.8702,984.76483,0.919034,45,left_hip
1257.5024,968.8008,0.95059454,45,right_hip
0.0,0.0,0.11400728,45,left_knee
0.0,0.0,0.17952396,45,right_knee
0.0,0.0,0.0101199355,45,left_ankle
0.0,0.0,0.013978642,45,right_ankle
1356.4517,341.19992,0.9932847,46,nose
1381.6707,312.526,0.9738091,46,left_eye
1321.417,317.0715,0.9784812,46,right_eye
1413.188,338.2779,0.7814752,46,left_ear
1273.4867,347.3388,0.8534798,46,right_ear
1488.678,528.35876,0.9921599,46,left_shoulder
1198.8606,478.38812,0.9969989,46,right_shoulder
1545.2131,749.3669,0.94383985,46,left_elbow
1006.4023,441.78488,0.9844275,46,right_elbow
1565.4921,969.7813,0.86303854,46,left_wrist
794.92114,338.238,0.95370346,46,right_wrist
1459.6959,983.53217,0.92338914,46,left_hip
1256.4249,967.5229,0.9523292,46,right_hip
0.0,0.0,0.11768662,46,left_knee
0.0,0.0,0.18187413,46,right_knee
0.0,0.0,0.01040775,46,left_ankle
0.0,0.0,0.014217039,46,right_ankle
1357.005,341.06717,0.9935916,47,nose
1382.1388,312.36948,0.97477245,47,left_eye
1321.8688,317.16257,0.9792833,47,right_eye
1413.9133,338.32086,0.7870056,47,left_ear
1274.1365,348.09314,0.8576499,47,right_ear
1490.1129,529.2222,0.9927256,47,left_shoulder
1198.4758,479.6623,0.9971855,47,right_shoulder
1545.932,751.01276,0.94688666,47,left_elbow
1000.46045,446.5645,0.9850818,47,right_elbow
1565.3251,967.41266,0.8698701,47,left_wrist
789.6035,351.53357,0.9556748,47,right_wrist
1460.0392,983.08374,0.9266178,47,left_hip
1256.4966,967.24243,0.95428306,47,right_hip
0.0,0.0,0.12012633,47,left_knee
0.0,0.0,0.18459095,47,right_knee
0.0,0.0,0.010472425,47,left_ankle
0.0,0.0,0.014246842,47,right_ankle
1357.7255,341.19772,0.9935841,48,nose
1382.7404,312.15152,0.97467494,48,left_eye
1322.3914,317.28223,0.9794062,48,right_eye
1414.6604,337.5562,0.78914845,48,left_ear
1274.5796,348.1367,0.85977423,48,right_ear
1491.5217,529.5461,0.9928149,48,left_shoulder
1199.2255,480.63312,0.997282,48,right_shoulder
1546.4802,751.3298,0.9467713,48,left_elbow
1001.1224,452.83978,0.98537296,48,right_elbow
1564.805,965.88544,0.86876357,48,left_wrist
782.8173,365.35995,0.95576173,48,right_wrist
1459.7219,982.67194,0.9288545,48,left_hip
1255.9027,966.1657,0.95609576,48,right_hip
0.0,0.0,0.12198926,48,left_knee
0.0,0.0,0.18808419,48,right_knee
0.0,0.0,0.010527532,48,left_ankle
0.0,0.0,0.014430143,48,right_ankle
1358.3182,341.82178,0.9935055,49,nose
1383.0789,312.22223,0.97413504,49,left_eye
1322.8134,317.75455,0.97935873,49,right_eye
1415.0035,336.49213,0.7854813,49,left_ear
1275.0171,348.02728,0.8599727,49,right_ear
1492.3204,529.68854,0.9925558,49,left_shoulder
1200.5015,481.24432,0.99727315,49,right_shoulder
1546.4165,753.4933,0.9447075,49,left_elbow
1001.9944,459.41922,0.9854285,49,right_elbow
1564.8889,965.5243,0.86544,49,left_wrist
776.7853,381.0542,0.9559277,49,right_wrist
1459.3925,983.6455,0.92686087,49,left_hip
1255.7867,966.6916,0.9556412,49,right_hip
0.0,0.0,0.119722486,49,left_knee
0.0,0.0,0.18722951,49,right_knee
0.0,0.0,0.010394321,49,left_ankle
0.0,0.0,0.014381713,49,right_ankle
1358.5636,342.2233,0.99372125,50,nose
1383.4567,312.53064,0.97526824,50,left_eye
1323.1047,317.96948,0.9797794,50,right_eye
1415.3036,336.48572,0.7943672,50,left_ear
1274.9744,347.8774,0.86165327,50,right_ear
1492.6827,530.2665,0.99313617,50,left_shoulder
1199.7323,482.52844,0.99728966,50,right_shoulder
1545.7797,753.66125,0.94817483,50,left_elbow
1002.77716,464.0462,0.9849747,50,right_elbow
1564.1558,967.4174,0.87001204,50,left_wrist
773.2392,395.4331,0.9546521,50,right_wrist
1458.3589,983.1753,0.92957073,50,left_hip
1254.4332,966.29736,0.95590526,50,right_hip
0.0,0.0,0.1220052,50,left_knee
0.0,0.0,0.18537158,50,right_knee
0.0,0.0,0.010467333,50,left_ankle
0.0,0.0,0.014158529,50,right_ankle
1358.3641,342.54764,0.99391985,51,nose
1383.4764,312.99133,0.9760932,51,left_eye
1323.1816,318.09848,0.9801657,51,right_eye
1415.742,336.65268,0.8000926,51,left_ear
1275.3082,347.32928,0.8621955,51,right_ear
1492.9337,530.7662,0.9935197,51,left_shoulder
1199.67,482.75354,0.9973585,51,right_shoulder
1545.9618,753.1125,0.9512758,51,left_elbow
1002.3884,471.37338,0.9852646,51,right_elbow
1563.0905,965.2495,0.87771773,51,left_wrist
775.85876,417.76257,0.9562434,51,right_wrist
1457.6085,981.978,0.9340619,51,left_hip
1253.6897,964.5563,0.95822376,51,right_hip
0.0,0.0,0.12632023,51,left_knee
0.0,0.0,0.18924454,51,right_knee
0.0,0.0,0.0106340535,51,left_ankle
0.0,0.0,0.014272358,51,right_ankle
1358.9366,343.63742,0.99355924,52,nose
1384.5392,313.56976,0.9727466,52,left_eye
1324.1653,319.2213,0.981517,52,right_eye
1415.7281,335.40244,0.76813495,52,left_ear
1274.1401,347.20636,0.8760336,52,right_ear
1492.0896,528.5173,0.99218094,52,left_shoulder
1196.2573,482.88376,0.99756336,52,right_shoulder
1549.2484,744.5488,0.936358,52,left_elbow
1006.9477,478.42117,0.98719645,52,right_elbow
1560.212,956.6649,0.8396661,52,left_wrist
775.10016,439.92297,0.962577,52,right_wrist
1461.0374,979.21606,0.9325366,52,left_hip
1257.1965,962.4892,0.9637946,52,right_hip
0.0,0.0,0.11092606,52,left_knee
0.0,0.0,0.19733082,52,right_knee
0.0,0.0,0.008789081,52,left_ankle
0.0,0.0,0.013276748,52,right_ankle
1358.7195,343.90192,0.9935901,53,nose
1384.4272,313.8369,0.9727015,53,left_eye
1324.1804,319.24567,0.9815766,53,right_eye
1415.8542,335.7484,0.7663341,53,left_ear
1274.3579,347.2136,0.8755192,53,right_ear
1492.677,529.04156,0.9920994,53,left_shoulder
1194.6614,484.36957,0.99754626,53,right_shoulder
1549.6686,745.6949,0.9361893,53,left_elbow
1000.67676,486.86517,0.98721516,53,right_elbow
1559.5327,956.9711,0.84211314,53,left_wrist
770.3765,460.71198,0.96342033,53,right_wrist
1461.3312,980.4577,0.93124825,53,left_hip
1256.3859,964.15924,0.96326303,53,right_hip
0.0,0.0,0.108465485,53,left_knee
0.0,0.0,0.19374475,53,right_knee
0.0,0.0,0.008581671,53,left_ankle
0.0,0.0,0.012942031,53,right_ankle
1358.7119,344.06818,0.9935314,54,nose
1384.454,313.9348,0.971627,54,left_eye
1324.3464,319.205,0.98162216,54,right_eye
1415.7327,335.56195,0.7604497,54,left_ear
1274.5242,346.74756,0.8791009,54,right_ear
1492.1907,529.00696,0.99217004,54,left_shoulder
1195.7323,486.10483,0.99770594,54,right_shoulder
1549.1147,744.5387,0.9366919,54,left_elbow
1005.4909,497.96313,0.98827994,54,right_elbow
1559.3655,954.78625,0.8449447,54,left_wrist
770.8991,480.53012,0.9662728,54,right_wrist
1459.835,980.11346,0.93452734,54,left_hip
1255.5348,963.59546,0.9660569,54,right_hip
0.0,0.0,0.110755004,54,left_knee
0.0,0.0,0.20203249,54,right_knee
0.0,0.0,0.008722122,54,left_ankle
0.0,0.0,0.013413695,54,right_ankle
1358.2383,344.27914,0.9933729,55,nose
1383.8485,314.06802,0.97053975,55,left_eye
1324.0328,319.49625,0.9814293,55,right_eye
1414.9863,335.63516,0.75754654,55,left_ear
1274.5676,347.30762,0.88199216,55,right_ear
1492.4998,529.4037,0.99216884,55,left_shoulder
1196.1877,489.06546,0.9977841,55,right_shoulder
1549.4689,744.35046,0.93547046,55,left_elbow
1009.55023,508.76825,0.9886341,55,right_elbow
1559.5404,955.06934,0.84204006,55,left_wrist
771.686,498.53036,0.96696645,55,right_wrist
1458.9633,980.5256,0.934471,55,left_hip
1254.8986,964.2886,0.96665615,55,right_hip
0.0,0.0,0.1097144,55,left_knee
0.0,0.0,0.20354012,55,right_knee
0.0,0.0,0.008686598,55,left_ankle
0.0,0.0,0.013542592,55,right_ankle
1358.0544,344.0142,0.9933634,56,nose
1383.3842,313.68494,0.9707917,56,left_eye
1323.4513,319.49982,0.9814294,56,right_eye
1414.3956,335.14258,0.7621357,56,left_ear
1273.4498,347.83453,0.88235873,56,right_ear
1492.7666,529.2375,0.9923765,56,left_shoulder
1196.1877,489.94565,0.9977568,56,right_shoulder
1551.1729,744.1214,0.9367186,56,left_elbow
1011.80096,515.8925,0.9882802,56,right_elbow
1559.783,954.31586,0.8434669,56,left_wrist
772.2825,522.96027,0.96589434,56,right_wrist
1458.3755,978.9545,0.9359536,56,left_hip
1254.5945,962.69226,0.96689224,56,right_hip
0.0,0.0,0.11232802,56,left_knee
0.0,0.0,0.20488383,56,right_knee
0.0,0.0,0.008914838,56,left_ankle
0.0,0.0,0.013732333,56,right_ankle
1357.1803,343.74527,0.993367,57,nose
1382.4749,313.48755,0.9711563,57,left_eye
1322.6924,319.20624,0.98142964,57,right_eye
1413.5004,335.1287,0.76921713,57,left_ear
1272.821,347.79062,0.8840191,57,right_ear
1493.26,529.61426,0.99274534,57,left_shoulder
1194.0533,492.90253,0.9977775,57,right_shoulder
1552.481,743.3359,0.93853635,57,left_elbow
1013.541,528.95026,0.98791635,57,right_elbow
1561.1257,955.1728,0.84472275,57,left_wrist
779.49133,550.4184,0.9646743,57,right_wrist
1458.5463,979.0632,0.9376046,57,left_hip
1253.6741,963.7006,0.9670311,57,right_hip
0.0,0.0,0.11427174,57,left_knee
0.0,0.0,0.20463288,57,right_knee
0.0,0.0,0.009070137,57,left_ankle
0.0,0.0,0.013812631,57,right_ankle
1356.089,342.92963,0.99354255,58,nose
1381.6743,313.13614,0.9730232,58,left_eye
1321.812,318.55728,0.9815306,58,right_eye
1413.4026,336.10303,0.7807284,58,left_ear
1272.4031,348.4891,0.88041407,58,right_ear
1493.2351,529.82886,0.9928619,58,left_shoulder
1192.5211,497.2135,0.9975648,58,right_shoulder
1552.2568,742.42865,0.9396775,58,left_elbow
1008.6369,544.45044,0.9860513,58,right_elbow
1562.0211,955.3724,0.846019,58,left_wrist
776.9134,572.8286,0.96044147,58,right_wrist
1459.3082,979.4561,0.9335625,58,left_hip
1253.7789,965.46606,0.9626238,58,right_hip
0.0,0.0,0.110180035,58,left_knee
0.0,0.0,0.18815756,58,right_knee
0.0,0.0,0.008723243,58,left_ankle
0.0,0.0,0.0128291175,58,right_ankle
1355.2812,342.48135,0.9934622,59,nose
1380.9908,312.86743,0.9726051,59,left_eye
1320.8944,317.89465,0.9816529,59,right_eye
1412.5408,336.1083,0.7787437,59,left_ear
1270.8403,347.69904,0.88407737,59,right_ear
1492.2279,529.50885,0.9929497,59,left_shoulder
1189.2396,498.01813,0.99755776,59,right_shoulder
1550.6891,742.4231,0.9393633,59,left_elbow
1009.56445,554.90594,0.98574775,59,right_elbow
1561.9497,954.7487,0.8438146,59,left_wrist
784.4468,595.2177,0.9593825,59,right_wrist
1456.4695,978.36566,0.9330427,59,left_hip
1249.6722,964.77484,0.9620567,59,right_hip
0.0,0.0,0.108941436,59,left_knee
0.0,0.0,0.18557155,59,right_knee
0.0,0.0,0.008694575,59,left_ankle
0.0,0.0,0.012739256,59,right_ankle
1354.0928,342.11407,0.99362963,60,nose
1379.8456,312.65335,0.97342956,60,left_eye
1319.5094,317.5036,0.98201734,60,right_eye
1411.6917,335.9512,0.7838231,60,left_ear
1269.3596,347.31888,0.88546914,60,right_ear
1491.8859,529.1096,0.9933076,60,left_shoulder
1189.1986,499.01517,0.99757713,60,right_shoulder
1551.2644,741.6323,0.94221437,60,left_elbow
1014.6685,563.81134,0.9856328,60,right_elbow
1563.9961,954.8454,0.84868443,60,left_wrist
789.0888,617.7023,0.9588563,60,right_wrist
1456.2351,976.7639,0.93626356,60,left_hip
1249.3892,963.38617,0.9631304,60,right_hip
0.0,0.0,0.11268835,60,left_knee
0.0,0.0,0.18839417,60,right_knee
0.0,0.0,0.008935514,60,left_ankle
0.0,0.0,0.012959842,60,right_ankle
1352.9705,341.94864,0.99349445,61,nose
1379.1273,312.76755,0.9723408,61,left_eye
1318.465,316.66846,0.9819021,61,right_eye
1410.504,336.6745,0.7769579,61,left_ear
1267.1283,346.03244,0.88834375,61,right_ear
1489.9857,530.16736,0.9934024,61,left_shoulder
1184.6138,502.26077,0.99761873,61,right_shoulder
1551.0356,742.52454,0.9425679,61,left_elbow
1014.7784,578.84155,0.9857407,61,right_elbow
1564.0587,952.86035,0.85061026,61,left_wrist
798.7068,644.6128,0.95920706,61,right_wrist
1454.562,977.0504,0.9360366,61,left_hip
1246.6659,964.7977,0.96295995,61,right_hip
0.0,0.0,0.11260897,61,left_knee
0.0,0.0,0.18834694,61,right_knee
0.0,0.0,0.009063582,61,left_ankle
0.0,0.0,0.01312258,61,right_ankle
1351.2263,342.1398,0.99348176,62,nose
1377.1179,312.45383,0.9717153,62,left_eye
1316.4313,316.85138,0.9822665,62,right_eye
1408.4639,336.44745,0.77226657,62,left_ear
1265.2075,347.29846,0.89269674,62,right_ear
1489.0543,528.9187,0.9931908,62,left_shoulder
1183.4843,506.88275,0.99772495,62,right_shoulder
1550.2126,740.95605,0.9388948,62,left_elbow
1013.69867,594.2637,0.9861097,62,right_elbow
1564.142,954.25385,0.8414535,62,left_wrist
796.593,670.0904,0.9587299,62,right_wrist
1454.7916,981.23584,0.9331875,62,left_hip
1246.9023,970.7372,0.9624834,62,right_hip
0.0,0.0,0.10693974,62,left_knee
0.0,0.0,0.18399504,62,right_knee
0.0,0.0,0.008577336,62,left_ankle
0.0,0.0,0.01270056,62,right_ankle
1349.282,341.8907,0.9934343,63,nose
1375.113,312.35507,0.97184384,63,left_eye
1314.3853,316.93536,0.98241985,63,right_eye
1406.8401,336.02203,0.7767918,63,left_ear
1263.4009,347.37332,0.894863,63,right_ear
1487.1083,527.32697,0.993276,63,left_shoulder
1183.2346,508.8871,0.99776626,63,right_shoulder
1549.547,739.37054,0.93846977,63,left_elbow
1020.77893,607.2473,0.98575956,63,right_elbow
1563.6031,954.3943,0.8359207,63,left_wrist
802.60223,696.6334,0.95562357,63,right_wrist
1452.9965,976.72455,0.93518955,63,left_hip
1246.4313,967.3882,0.9633019,63,right_hip
0.0,0.0,0.11040767,63,left_knee
0.0,0.0,0.18821679,63,right_knee
0.0,0.0,0.008922095,63,left_ankle
0.0,0.0,0.013229239,63,right_ankle
1347.9995,342.6461,0.9934841,64,nose
1373.8033,312.73822,0.97038114,64,left_eye
1313.1316,316.84906,0.9827932,64,right_eye
1405.1554,335.86508,0.76040804,64,left_ear
1261.8109,346.3057,0.8994667,64,right_ear
1485.2538,527.3202,0.9932869,64,left_shoulder
1181.8359,511.0306,0.99790657,64,right_shoulder
1547.7017,740.0384,0.93905026,64,left_elbow
1021.2303,619.52673,0.9872485,64,right_elbow
1561.8926,952.9734,0.84297043,64,left_wrist
810.802,721.86414,0.9604125,64,right_wrist
1451.2181,979.4479,0.9339555,64,left_hip
1244.5525,970.847,0.96388197,64,right_hip
0.0,0.0,0.10684419,64,left_knee
0.0,0.0,0.18826695,64,right_knee
0.0,0.0,0.00876234,64,left_ankle
0.0,0.0,0.013250973,64,right_ankle
1339.4207,343.63306,0.9916716,65,nose
1362.8265,312.72345,0.9609642,65,left_eye
1304.517,317.65552,0.9807375,65,right_eye
1391.9778,334.26752,0.7402985,65,left_ear
1251.1915,346.85358,0.9131757,65,right_ear
1478.0273,525.16077,0.99373925,65,left_shoulder
1171.0745,518.8017,0.99770194,65,right_shoulder
1541.2109,748.5718,0.9349799,65,left_elbow
1027.3649,669.1191,0.98464984,65,right_elbow
1559.1372,954.6786,0.8194281,65,left_wrist
854.59076,823.2657,0.9457848,65,right_wrist
1442.4335,974.92444,0.9246448,65,left_hip
1240.5868,970.55164,0.9568164,65,right_hip
0.0,0.0,0.102133125,65,left_knee
0.0,0.0,0.16749932,65,right_knee
0.0,0.0,0.008852207,65,left_ankle
0.0,0.0,0.012734249,65,right_ankle
1337.0867,343.55017,0.99137336,66,nose
1360.0173,313.3783,0.95876116,66,left_eye
1301.6528,318.2335,0.98074245,66,right_eye
1388.5806,336.19196,0.7255193,66,left_ear
1246.9441,348.90494,0.9158609,66,right_ear
1475.0541,524.47614,0.99339926,66,left_shoulder
1167.4054,520.8256,0.99766845,66,right_shoulder
1539.2545,751.5581,0.9305646,66,left_elbow
1026.431,683.95605,0.98427343,66,right_elbow
1557.253,955.5216,0.8082709,66,left_wrist
857.1275,856.01605,0.94220465,66,right_wrist
1442.0458,975.06305,0.9184576,66,left_hip
1239.6794,971.93976,0.9537721,66,right_hip
0.0,0.0,0.09734845,66,left_knee
0.0,0.0,0.16189265,66,right_knee
0.0,0.0,0.008712529,66,left_ankle
0.0,0.0,0.012663018,66,right_ankle
1334.796,343.69354,0.9912299,67,nose
1358.0793,313.59952,0.9578387,67,left_eye
1299.4512,317.41388,0.98081905,67,right_eye
1386.0498,336.08234,0.7157231,67,left_ear
1243.049,346.62418,0.9178577,67,right_ear
1470.9713,523.0358,0.99329716,67,left_shoulder
1162.3737,523.9694,0.9975376,67,right_shoulder
1537.2458,748.05304,0.9283222,67,left_elbow
1026.3597,701.39386,0.982714,67,right_elbow
1555.5591,955.4533,0.8011854,67,left_wrist
868.0992,877.8205,0.9365474,67,right_wrist
1439.4899,977.2825,0.9104113,67,left_hip
1237.2598,975.828,0.9475001,67,right_hip
0.0,0.0,0.092126295,67,left_knee
0.0,0.0,0.15039657,67,right_knee
0.0,0.0,0.008436216,67,left_ankle
0.0,0.0,0.012143326,67,right_ankle
1333.4244,343.28076,0.9910124,68,nose
1356.2229,313.78143,0.9554212,68,left_eye
1297.83,316.85733,0.9808926,68,right_eye
1382.7628,336.9561,0.69152933,68,left_ear
1239.1102,346.06677,0.9198765,68,right_ear
1465.8113,522.0002,0.9929341,68,left_shoulder
1159.0052,524.46735,0.99734026,68,right_shoulder
1533.5542,745.552,0.9262556,68,left_elbow
1028.2185,710.7577,0.9819619,68,right_elbow
1553.3047,952.0979,0.8014335,68,left_wrist
882.2353,900.3574,0.93554443,68,right_wrist
1435.1184,977.2085,0.9037783,68,left_hip
1233.362,976.51855,0.94290775,68,right_hip
0.0,0.0,0.08836416,68,left_knee
0.0,0.0,0.1438813,68,right_knee
0.0,0.0,0.008276184,68,left_ankle
0.0,0.0,0.011846482,68,right_ankle
1330.5624,342.8497,0.9904563,69,nose
1355.5856,312.82062,0.9596318,69,left_eye
1294.6967,315.40677,0.97580045,69,right_eye
1380.6488,335.2511,0.6690712,69,left_ear
1237.409,343.41394,0.8788646,69,right_ear
1460.6946,520.8514,0.98796356,69,left_shoulder
1157.914,527.40204,0.9951871,69,right_shoulder
1527.0686,743.51935,0.9020215,69,left_elbow
1033.3877,730.78424,0.96758056,69,right_elbow
1542.9017,957.65497,0.8185316,69,left_wrist
897.15216,917.66626,0.9271893,69,right_wrist
1425.8628,987.217,0.86383283,69,left_hip
1220.569,987.6539,0.9094115,69,right_hip
0.0,0.0,0.09225652,69,left_knee
0.0,0.0,0.1439449,69,right_knee
0.0,0.0,0.010030313,69,left_ankle
0.0,0.0,0.013741247,69,right_ankle
1331.4366,343.10504,0.9899278,70,nose
1352.5463,313.62378,0.94560933,70,left_eye
1295.4006,316.02176,0.980003,70,right_eye
1375.8372,336.7349,0.6308069,70,left_ear
1232.1915,344.5798,0.9238061,70,right_ear
1456.7336,521.78656,0.99199283,70,left_shoulder
1151.8646,527.401,0.9971826,70,right_shoulder
1527.945,743.56696,0.92046267,70,left_elbow
1033.6481,729.5323,0.9825697,70,right_elbow
1549.255,952.65857,0.79643303,70,left_wrist
906.77747,931.80035,0.9390119,70,right_wrist
1427.0544,977.9339,0.89826053,70,left_hip
1225.0134,978.26074,0.9411605,70,right_hip
0.0,0.0,0.08481117,70,left_knee
0.0,0.0,0.14284089,70,right_knee
0.0,0.0,0.008163508,70,left_ankle
0.0,0.0,0.011981961,70,right_ankle
1329.8961,341.93463,0.9895834,71,nose
1350.186,312.91705,0.94327396,71,left_eye
1293.7386,314.84222,0.97978914,71,right_eye
1371.8273,336.97714,0.61486566,71,left_ear
1228.6307,344.1033,0.9260563,71,right_ear
1453.4517,520.5434,0.99188507,71,left_shoulder
1145.8495,529.84564,0.9969258,71,right_shoulder
1524.505,744.0552,0.91831475,71,left_elbow
1037.2094,743.4992,0.9804741,71,right_elbow
1546.1433,952.39087,0.79096496,71,left_wrist
924.7418,944.04565,0.9337323,71,right_wrist
1425.3639,978.7284,0.88782376,71,left_hip
1221.3029,981.0451,0.93238777,71,right_hip
0.0,0.0,0.08037472,71,left_knee
0.0,0.0,0.13237017,71,right_knee
0.0,0.0,0.007961879,71,left_ankle
0.0,0.0,0.01147785,71,right_ankle
1325.4426,342.11127,0.988967,72,nose
1347.998,314.44537,0.95007193,72,left_eye
1288.7059,316.73752,0.97425294,72,right_eye
1371.5306,337.43875,0.6552391,72,left_ear
1227.2397,343.99503,0.8934203,72,right_ear
1451.5193,525.77637,0.9906158,72,left_shoulder
1143.1736,534.4552,0.9958163,72,right_shoulder
1514.1903,757.7824,0.92109525,72,left_elbow
1045.3085,765.7403,0.9727879,72,right_elbow
1539.2366,957.24774,0.8546792,72,left_wrist
942.6849,950.63916,0.93868667,72,right_wrist
1424.4293,969.17145,0.89760417,72,left_hip
1221.943,974.08044,0.93066245,72,right_hip
0.0,0.0,0.14082256,72,left_knee
0.0,0.0,0.20104617,72,right_knee
0.0,0.0,0.019445624,72,left_ankle
0.0,0.0,0.024855386,72,right_ankle
1325.0997,341.24472,0.99056214,73,nose
1345.8673,313.85632,0.9549298,73,left_eye
1288.403,314.66495,0.9805768,73,right_eye
1365.7281,338.31006,0.6730614,73,left_ear
1222.418,342.54266,0.9291416,73,right_ear
1447.2485,522.9303,0.99395543,73,left_shoulder
1133.7632,533.99384,0.99679583,73,right_shoulder
1510.1859,751.4288,0.9350398,73,left_elbow
1045.5417,767.50275,0.9737509,73,right_elbow
1532.1873,953.45764,0.82024324,73,left_wrist
950.51056,973.0695,0.9154612,73,right_wrist
1411.214,972.5268,0.9059696,73,left_hip
1204.5496,976.1814,0.9308443,73,right_hip
0.0,0.0,0.10776578,73,left_knee
0.0,0.0,0.14998487,73,right_knee
0.0,0.0,0.011225687,73,left_ankle
0.0,0.0,0.014271212,73,right_ankle
1324.4579,341.9688,0.98875755,74,nose
1343.3794,313.87857,0.9407858,74,left_eye
1288.0286,314.1958,0.9802951,74,right_eye
1359.229,337.89413,0.5781526,74,left_ear
1218.0098,341.17365,0.9335061,74,right_ear
1439.7443,520.496,0.99082536,74,left_shoulder
1126.4368,531.8044,0.99649906,74,right_shoulder
1511.1068,746.88464,0.90104204,74,left_elbow
1047.3187,770.44446,0.97390944,74,right_elbow
1534.4088,953.83484,0.739831,74,left_wrist
967.15283,972.7887,0.9100198,74,right_wrist
1409.8434,977.89636,0.86865985,74,left_hip
1200.898,981.0691,0.9151133,74,right_hip
0.0,0.0,0.073009,74,left_knee
0.0,0.0,0.12097157,74,right_knee
0.0,0.0,0.0076770955,74,left_ankle
0.0,0.0,0.011164915,74,right_ankle
1323.033,342.13412,0.985637,75,nose
1342.0938,314.24213,0.9227963,75,left_eye
1288.1913,315.1444,0.9702622,75,right_eye
1359.3728,338.05765,0.60517323,75,left_ear
1216.7139,341.72232,0.9154731,75,right_ear
1436.8182,522.30194,0.99307775,75,left_shoulder
1128.3292,531.5033,0.99593735,75,right_shoulder
1505.6904,756.4724,0.9329955,75,left_elbow
1053.8925,770.5699,0.9734674,75,right_elbow
1529.3313,960.1022,0.8434858,75,left_wrist
982.55365,975.3274,0.9267948,75,right_wrist
1407.5659,976.559,0.9050204,75,left_hip
1202.5768,983.11584,0.93236744,75,right_hip
0.0,0.0,0.13154882,75,left_knee
0.0,0.0,0.16841076,75,right_knee
0.0,0.0,0.014205161,75,left_ankle
0.0,0.0,0.016592344,75,right_ankle
1322.1195,341.4495,0.9862701,76,nose
1341.0101,314.546,0.93011945,76,left_eye
1285.7938,315.1093,0.9726113,76,right_eye
1355.3907,337.33017,0.57616496,76,left_ear
1214.92,339.7998,0.91409045,76,right_ear
1433.1174,524.59753,0.99038917,76,left_shoulder
1122.8198,532.21515,0.996015,76,right_shoulder
1499.5084,754.9256,0.9160258,76,left_elbow
1055.5786,778.0985,0.9750368,76,right_elbow
1528.5542,955.296,0.8397631,76,left_wrist
993.7224,984.56525,0.94037175,76,right_wrist
1405.8007,973.1206,0.90702826,76,left_hip
1202.4221,977.90717,0.9395884,76,right_hip
0.0,0.0,0.14855255,76,left_knee
0.0,0.0,0.21859924,76,right_knee
0.0,0.0,0.01974719,76,left_ankle
0.0,0.0,0.025751501,76,right_ankle
1320.9148,341.19763,0.98552793,77,nose
1338.8491,314.07745,0.9241046,77,left_eye
1285.0244,314.20782,0.97201973,77,right_eye
1350.674,335.5733,0.5450365,77,left_ear
1211.0167,336.8215,0.91481924,77,right_ear
1427.5842,523.06274,0.9895191,77,left_shoulder
1117.879,531.1782,0.99566275,77,right_shoulder
1497.2875,748.4266,0.91142076,77,left_elbow
1057.4,776.96594,0.9742027,77,right_elbow
1525.1063,951.4506,0.8376256,77,left_wrist
1003.2891,987.85297,0.9409832,77,right_wrist
1403.4386,975.6266,0.9020783,77,left_hip
1200.1157,980.6432,0.93662465,77,right_hip
0.0,0.0,0.14400066,77,left_knee
0.0,0.0,0.21305114,77,right_knee
0.0,0.0,0.019096587,77,left_ankle
0.0,0.0,0.024864852,77,right_ankle
1319.7997,341.84427,0.98454213,78,nose
1337.1918,314.36234,0.9176378,78,left_eye
1284.5422,314.1984,0.97105956,78,right_eye
1346.8555,334.9768,0.5266144,78,left_ear
1209.0048,335.17667,0.91739863,78,right_ear
1424.5232,524.66235,0.9892531,78,left_shoulder
1112.6212,531.6616,0.99551445,78,right_shoulder
1494.3134,749.1046,0.90783787,78,left_elbow
1061.2955,774.6127,0.97345155,78,right_elbow
1519.5161,949.4847,0.8317486,78,left_wrist
1013.71313,983.3061,0.939865,78,right_wrist
1401.3875,979.3493,0.89900005,78,left_hip
1197.119,984.68225,0.934763,78,right_hip
0.0,0.0,0.14060006,78,left_knee
0.0,0.0,0.20967221,78,right_knee
0.0,0.0,0.018677542,78,left_ankle
0.0,0.0,0.024311056,78,right_ankle
1319.0085,342.24005,0.981911,79,nose
1334.4335,314.22162,0.89159507,79,left_eye
1285.9536,313.187,0.96651614,79,right_eye
0.0,0.0,0.4962035,79,left_ear
1204.7498,333.929,0.9200131,79,right_ear
1416.4594,520.7374,0.99123853,79,left_shoulder
1109.8577,531.93036,0.99511224,79,right_shoulder
1492.2013,745.392,0.9197781,79,left_elbow
1063.3944,774.97797,0.97152066,79,right_elbow
1514.9447,948.9622,0.8277108,79,left_wrist
1023.2736,983.0136,0.92755276,79,right_wrist
1397.5067,978.0215,0.8958631,79,left_hip
1192.8167,987.4973,0.92778224,79,right_hip
0.0,0.0,0.12457421,79,left_knee
0.0,0.0,0.16493717,79,right_knee
0.0,0.0,0.013240952,79,left_ankle
0.0,0.0,0.015605563,79,right_ankle
1317.8263,341.22458,0.98055905,80,nose
1332.3142,313.89902,0.88128674,80,left_eye
1285.1265,312.14484,0.9646864,80,right_eye
0.0,0.0,0.47093216,80,left_ear
1201.589,333.46115,0.91998225,80,right_ear
1411.8197,520.7492,0.9909026,80,left_shoulder
1104.8234,533.3497,0.9949297,80,right_shoulder
1489.9326,747.05664,0.917986,80,left_elbow
1062.2373,781.11456,0.97105813,80,right_elbow
1511.5426,953.7532,0.82437855,80,left_wrist
1029.499,987.68243,0.92740464,80,right_wrist
1397.0867,977.9207,0.8931251,80,left_hip
1192.2202,988.6718,0.9258753,80,right_hip
0.0,0.0,0.1225978,80,left_knee
0.0,0.0,0.16266832,80,right_knee
0.0,0.0,0.013136382,80,left_ankle
0.0,0.0,0.015444297,80,right_ankle
1316.8549,340.57758,0.97886103,81,nose
1330.4432,313.88812,0.8704494,81,left_eye
1284.6215,311.53564,0.9623008,81,right_eye
0.0,0.0,0.44656298,81,left_ear
1199.0925,332.77505,0.9177322,81,right_ear
1406.3312,520.36426,0.9902006,81,left_shoulder
1099.4371,532.95593,0.99446845,81,right_shoulder
1486.8276,747.85443,0.9149196,81,left_elbow
1058.8584,783.9218,0.9692407,81,right_elbow
1509.3088,957.53925,0.81953984,81,left_wrist
1035.0052,993.2143,0.9245315,81,right_wrist
1394.1842,978.0923,0.8880301,81,left_hip
1189.308,989.87134,0.9214057,81,right_hip
0.0,0.0,0.119716585,81,left_knee
0.0,0.0,0.15752941,81,right_knee
0.0,0.0,0.013035279,81,left_ankle
0.0,0.0,0.015156693,81,right_ankle
1316.0918,339.50043,0.9762447,82,nose
1328.118,313.31473,0.8516904,82,left_eye
1284.6569,310.6765,0.9587445,82,right_eye
0.0,0.0,0.4122478,82,left_ear
1197.639,331.94485,0.9165915,82,right_ear
1401.4182,519.7332,0.98949206,82,left_shoulder
1096.0259,531.9155,0.9941723,82,right_shoulder
1483.9735,747.0084,0.91154087,82,left_elbow
1059.7075,783.71027,0.96908915,82,right_elbow
1508.7715,956.54706,0.81495035,82,left_wrist
1042.7883,995.0777,0.92518395,82,right_wrist
1393.0157,978.14923,0.88580126,82,left_hip
1189.0735,990.51605,0.9206171,82,right_hip
0.0,0.0,0.11826459,82,left_knee
0.0,0.0,0.15741317,82,right_knee
0.0,0.0,0.013012944,82,left_ankle
0.0,0.0,0.015199138,82,right_ankle
1315.97,338.29706,0.9738115,83,nose
1326.2393,311.637,0.8352595,83,left_eye
1284.1047,309.81833,0.9558435,83,right_eye
0.0,0.0,0.38364738,83,left_ear
1195.0573,332.07596,0.9159142,83,right_ear
1399.0973,519.2512,0.9885301,83,left_shoulder
1092.5892,533.3921,0.9936929,83,right_shoulder
1481.5574,746.6908,0.9047406,83,left_elbow
1058.8999,788.54706,0.9671339,83,right_elbow
1508.2383,949.0566,0.8051405,83,left_wrist
1048.5028,995.3257,0.922015,83,right_wrist
1391.5183,979.9083,0.8788213,83,left_hip
1186.6835,993.2155,0.9157884,83,right_hip
0.0,0.0,0.11440872,83,left_knee
0.0,0.0,0.15278034,83,right_knee
0.0,0.0,0.012615264,83,left_ankle
0.0,0.0,0.014757663,83,right_ankle
1313.9487,337.5177,0.9724262,84,nose
1323.9049,311.25095,0.82784253,84,left_eye
1282.5658,309.04422,0.9536856,84,right_eye
0.0,0.0,0.37422812,84,left_ear
1193.4034,331.43796,0.9138444,84,right_ear
1396.4812,520.0999,0.988074,84,left_shoulder
1089.3258,532.88544,0.9933744,84,right_shoulder
1479.1378,748.8939,0.90252227,84,left_elbow
1056.835,787.6537,0.9661443,84,right_elbow
1508.9409,950.5197,0.80180085,84,left_wrist
1052.6802,992.3551,0.9210459,84,right_wrist
1390.2079,979.0522,0.87631357,84,left_hip
1184.589,992.2119,0.91387296,84,right_hip
0.0,0.0,0.113028646,84,left_knee
0.0,0.0,0.15081616,84,right_knee
0.0,0.0,0.012518956,84,left_ankle
0.0,0.0,0.014582552,84,right_ankle
1312.6556,337.3385,0.9700301,85,nose
1321.5044,310.83774,0.8119626,85,left_eye
1281.8064,309.00586,0.95054734,85,right_eye
0.0,0.0,0.3550902,85,left_ear
1192.3538,330.9646,0.91323423,85,right_ear
1393.6564,519.6921,0.9876139,85,left_shoulder
1086.3937,533.1979,0.9932326,85,right_shoulder
1476.7064,749.76495,0.89929247,85,left_elbow
1054.8959,789.9126,0.9658093,85,right_elbow
1511.2025,950.65875,0.7948641,85,left_wrist
1056.2941,995.9383,0.91972405,85,right_wrist
1388.6633,977.9125,0.8752471,85,left_hip
1183.3844,991.8481,0.9136877,85,right_hip
0.0,0.0,0.112356566,85,left_knee
0.0,0.0,0.15079385,85,right_knee
0.0,0.0,0.0124349175,85,left_ankle
0.0,0.0,0.014512667,85,right_ankle
1310.8993,337.91046,0.9679465,86,nose
1318.9387,311.58392,0.79840744,86,left_eye
1280.1625,309.83023,0.94764185,86,right_eye
0.0,0.0,0.33921927,86,left_ear
1189.6198,331.77588,0.912365,86,right_ear
1390.2643,518.4364,0.9875107,86,left_shoulder
1082.6472,534.0228,0.99306256,86,right_shoulder
1476.7072,746.7365,0.8988531,86,left_elbow
1050.1187,793.17773,0.96499103,86,right_elbow
1515.4026,950.33813,0.7920894,86,left_wrist
1056.9479,1002.02,0.9176914,86,right_wrist
1387.8849,978.6411,0.8740903,86,left_hip
1183.4535,994.0739,0.91205794,86,right_hip
0.0,0.0,0.11145657,86,left_knee
0.0,0.0,0.14862949,86,right_knee
0.0,0.0,0.012368118,86,left_ankle
0.0,0.0,0.014366662,86,right_ankle
1308.6683,338.23666,0.9662543,87,nose
1315.9893,311.2199,0.7886614,87,left_eye
1277.7793,310.2668,0.94553727,87,right_eye
0.0,0.0,0.3309805,87,left_ear
1187.3007,332.25394,0.9121633,87,right_ear
1388.94,518.2217,0.9872887,87,left_shoulder
1079.7228,536.046,0.99300754,87,right_shoulder
1476.6672,747.2414,0.89594024,87,left_elbow
1048.3035,797.62427,0.96431655,87,right_elbow
1518.9803,950.4005,0.7843966,87,left_wrist
1058.7885,1006.0926,0.9150179,87,right_wrist
1388.1106,979.5322,0.87202924,87,left_hip
1183.1711,996.3549,0.9107344,87,right_hip
0.0,0.0,0.11006177,87,left_knee
0.0,0.0,0.1473841,87,right_knee
0.0,0.0,0.012270305,87,left_ankle
0.0,0.0,0.014307096,87,right_ankle
1306.5184,338.1703,0.96552294,88,nose
1313.7618,311.04605,0.78553283,88,left_eye
1275.3604,310.25464,0.9441949,88,right_eye
0.0,0.0,0.32759684,88,left_ear
1185.3619,332.51965,0.9103051,88,right_ear
1388.0156,517.6995,0.98702455,88,left_shoulder
1078.8708,535.79004,0.99280703,88,right_shoulder
1476.5654,744.71655,0.8956162,88,left_elbow
1047.6849,796.38336,0.96399826,88,right_elbow
1523.8423,938.65283,0.7880746,88,left_wrist
1059.6357,1004.1365,0.91569453,88,right_wrist
1389.1757,977.22656,0.87076247,88,left_hip
1183.9293,994.5586,0.9097035,88,right_hip
0.0,0.0,0.11011872,88,left_knee
0.0,0.0,0.14743088,88,right_knee
0.0,0.0,0.012415533,88,left_ankle
0.0,0.0,0.014466795,88,right_ankle
1305.4531,337.8402,0.9650657,89,nose
1311.8575,310.32413,0.78190845,89,left_eye
1274.0388,309.8333,0.9432783,89,right_eye
0.0,0.0,0.31983462,89,left_ear
1182.6735,332.21506,0.90955466,89,right_ear
1385.9882,516.1313,0.987115,89,left_shoulder
1076.1205,537.4775,0.99247783,89,right_shoulder
1478.4357,738.8732,0.8973815,89,left_elbow
1046.9872,800.5392,0.9622143,89,right_elbow
1533.1611,928.26514,0.79231364,89,left_wrist
1060.5085,1005.7057,0.9133981,89,right_wrist
1389.7894,978.4263,0.86903137,89,left_hip
1184.0103,997.41473,0.90597194,89,right_hip
0.0,0.0,0.10946404,89,left_knee
0.0,0.0,0.14324062,89,right_knee
0.0,0.0,0.012338373,89,left_ankle
0.0,0.0,0.014156972,89,right_ankle
1303.6437,337.60446,0.96623015,90,nose
1309.9214,310.10394,0.78636086,90,left_eye
1272.141,309.68457,0.9444937,90,right_eye
0.0,0.0,0.320979,90,left_ear
1180.9462,332.2683,0.90981835,90,right_ear
1383.5172,515.7902,0.98758787,90,left_shoulder
1076.6368,537.03204,0.9926259,90,right_shoulder
1480.6304,739.57184,0.90120703,90,left_elbow
1046.1157,799.0827,0.9635128,90,right_elbow
1544.486,931.914,0.79860216,90,left_wrist
1060.8368,1004.738,0.9168192,90,right_wrist
1388.0175,976.9195,0.8731101,90,left_hip
1184.2764,996.1148,0.90877104,90,right_hip
0.0,0.0,0.1111116,90,left_knee
0.0,0.0,0.14535597,90,right_knee
0.0,0.0,0.012389116,90,left_ankle
0.0,0.0,0.014173786,90,right_ankle
1301.4879,337.7904,0.9678513,91,nose
1308.0692,310.281,0.79389054,91,left_eye
1269.2257,309.8507,0.9505735,91,right_eye
0.0,0.0,0.2899463,91,left_ear
1178.9105,331.0406,0.9209791,91,right_ear
1384.792,523.216,0.9850729,91,left_shoulder
1071.2179,541.8723,0.99455476,91,right_shoulder
1483.211,738.1126,0.883153,91,left_elbow
1044.378,804.33826,0.9747526,91,right_elbow
1551.6954,927.01654,0.7923684,91,left_wrist
1059.7356,1013.407,0.94505537,91,right_wrist
1395.9943,974.4163,0.88474447,91,left_hip
1194.7769,990.61816,0.93142706,91,right_hip
0.0,0.0,0.12641397,91,left_knee
0.0,0.0,0.20706555,91,right_knee
0.0,0.0,0.017749337,91,left_ankle
0.0,0.0,0.02420216,91,right_ankle
1300.5027,338.67325,0.96635425,92,nose
1307.1273,310.78162,0.7840535,92,left_eye
1267.8545,310.77075,0.9475286,92,right_eye
0.0,0.0,0.27360496,92,left_ear
1177.0583,331.2486,0.91506034,92,right_ear
1383.285,523.0097,0.9841601,92,left_shoulder
1072.2991,541.51886,0.9940686,92,right_shoulder
1487.1082,734.53955,0.88377094,92,left_elbow
1044.2725,800.9125,0.9744325,92,right_elbow
1563.9116,918.8306,0.7994015,92,left_wrist
1058.1687,1010.5291,0.9469794,92,right_wrist
1396.4015,972.96246,0.8823301,92,left_hip
1196.6664,989.3793,0.92946106,92,right_hip
0.0,0.0,0.124647036,92,left_knee
0.0,0.0,0.20401017,92,right_knee
0.0,0.0,0.017755382,92,left_ankle
0.0,0.0,0.024111548,92,right_ankle
1298.6992,338.89746,0.9672435,93,nose
1306.2443,311.55197,0.7917718,93,left_eye
1266.3541,310.8253,0.9477475,93,right_eye
0.0,0.0,0.27597275,93,left_ear
1176.4156,331.45486,0.91142976,93,right_ear
1382.2767,522.2078,0.9839903,93,left_shoulder
1072.2454,541.9957,0.99349606,93,right_shoulder
1493.1288,724.4452,0.8876844,93,left_elbow
1044.6809,801.4876,0.9727453,93,right_elbow
1583.4587,901.736,0.8079157,93,left_wrist
1057.9468,1009.56506,0.9459946,93,right_wrist
1397.0632,972.1064,0.8802165,93,left_hip
1196.8236,989.2266,0.92523265,93,right_hip
0.0,0.0,0.123464316,93,left_knee
0.0,0.0,0.19693579,93,right_knee
0.0,0.0,0.017627891,93,left_ankle
0.0,0.0,0.023441695,93,right_ankle
1296.9973,338.7545,0.9694027,94,nose
1304.3955,310.8555,0.80265033,94,left_eye
1264.6172,310.6689,0.9493349,94,right_eye
0.0,0.0,0.28339434,94,left_ear
1175.455,331.53583,0.9109699,94,right_ear
1381.6542,521.2654,0.985558,94,left_shoulder
1072.8127,543.5429,0.99348116,94,right_shoulder
1500.1455,715.5225,0.89999723,94,left_elbow
1045.2251,801.8962,0.9727337,94,right_elbow
1600.2451,882.79706,0.82685494,94,left_wrist
1057.7108,1007.7228,0.9476977,94,right_wrist
1397.0411,975.66583,0.8862707,94,left_hip
1197.5302,993.8452,0.92572683,94,right_hip
0.0,0.0,0.12619269,94,left_knee
0.0,0.0,0.19417651,94,right_knee
0.0,0.0,0.017496897,94,left_ankle
0.0,0.0,0.022668121,94,right_ankle
1295.9847,338.71463,0.9757194,95,nose
1300.9064,310.76495,0.8189982,95,left_eye
1264.5948,310.3732,0.9576285,95,right_eye
0.0,0.0,0.3123768,95,left_ear
1173.8203,332.24387,0.93188566,95,right_ear
1381.0408,512.8786,0.9924306,95,left_shoulder
1073.1777,541.3344,0.9953869,95,right_shoulder
1499.1134,697.7906,0.9419658,95,left_elbow
1045.8389,793.65424,0.97972643,95,right_elbow
1609.5543,865.0316,0.8793714,95,left_wrist
1056.0114,1009.4738,0.9556864,95,right_wrist
1393.274,968.75433,0.9199401,95,left_hip
1191.156,991.04596,0.9427493,95,right_hip
0.0,0.0,0.13847587,95,left_knee
0.0,0.0,0.19078705,95,right_knee
0.0,0.0,0.015573227,95,left_ankle
0.0,0.0,0.018736504,95,right_ankle
1293.249,339.93494,0.9783781,96,nose
1299.4282,311.33597,0.8384732,96,left_eye
1260.8918,311.44693,0.9614674,96,right_eye
0.0,0.0,0.33618376,96,left_ear
1170.8873,333.1333,0.934455,96,right_ear
1383.964,511.55466,0.9931503,96,left_shoulder
1072.2965,543.7006,0.99572635,96,right_shoulder
1512.1609,689.9011,0.9453272,96,left_elbow
1045.1426,799.1366,0.9803494,96,right_elbow
1632.2631,858.7464,0.8832317,96,left_wrist
1058.115,1010.1909,0.95636183,96,right_wrist
1393.8678,972.00476,0.9244771,96,left_hip
1189.6915,995.18024,0.94518363,96,right_hip
0.0,0.0,0.14035015,96,left_knee
0.0,0.0,0.19227695,96,right_knee
0.0,0.0,0.01528816,96,left_ankle
0.0,0.0,0.018465195,96,right_ankle
1286.8884,341.2532,0.9791005,97,nose
1295.2275,312.34363,0.85257065,97,left_eye
1253.3306,312.54138,0.9646837,97,right_eye
0.0,0.0,0.32284558,97,left_ear
1164.4283,333.01303,0.9319506,97,right_ear
1380.5332,510.30167,0.99053895,97,left_shoulder
1069.4225,545.29395,0.9948696,97,right_shoulder
1526.5112,674.04736,0.9263185,97,left_elbow
1047.3835,798.21533,0.97644466,97,right_elbow
1658.1731,837.03,0.8512325,97,left_wrist
1059.7437,1010.7109,0.9495061,97,right_wrist
1394.22,976.9397,0.9016068,97,left_hip
1192.1483,999.7692,0.93037724,97,right_hip
0.0,0.0,0.11266412,97,left_knee
0.0,0.0,0.16937894,97,right_knee
0.0,0.0,0.012783158,97,left_ankle
0.0,0.0,0.01649112,97,right_ankle
